{
    "client": "client_9",
    "number_of_nodes": 6596,
    "number_of_edges": 16019,
    "max_degree": 2166,
    "avg_degree": 4.857186173438447,
    "transitivity": 0.0003668920528435252,
    "density": 0.00036824762497637966,
    "mixing_parameter": 0.4481553155627692,
    "modularity": 0.4586889396016211,
    "communities": 14
}