{
    "client": "client_6",
    "number_of_nodes": 5876,
    "number_of_edges": 13382,
    "max_degree": 1770,
    "avg_degree": 4.554799183117767,
    "transitivity": 0.00042332974581007094,
    "density": 0.0003876424836695972,
    "mixing_parameter": 0.4294574801972799,
    "modularity": 0.4775089251090492,
    "communities": 14
}