{
    "client": "client_0",
    "number_of_nodes": 18825,
    "number_of_edges": 102478,
    "max_degree": 11331,
    "avg_degree": 10.887436918990703,
    "transitivity": 0.0006907276857203376,
    "density": 0.0002891903134028555,
    "mixing_parameter": 0.0,
    "modularity": 0.0009948497599914974,
    "communities": 3
}