{
    "client": "client_7",
    "number_of_nodes": 7800,
    "number_of_edges": 22783,
    "max_degree": 2959,
    "avg_degree": 5.841794871794872,
    "transitivity": 0.00041446426763343865,
    "density": 0.00037452204589017,
    "mixing_parameter": 0.48329895097221615,
    "modularity": 0.4251741095229003,
    "communities": 14
}