{
    "client": "cic_ids_2017",
    "number_of_nodes": 10596,
    "number_of_edges": 39714,
    "max_degree": 5484,
    "avg_degree": 7.4960362400906,
    "transitivity": 0.00039890193592581423,
    "density": 0.0003537534799476451,
    "mixing_parameter": 0.5453492471168857,
    "modularity": 0.36192155718290847,
    "communities": 14
}