{
    "client": "client_4",
    "number_of_nodes": 6739,
    "number_of_edges": 16486,
    "max_degree": 2213,
    "avg_degree": 4.8927140525300485,
    "transitivity": 0.0003182630895417193,
    "density": 0.00036306871865019656,
    "mixing_parameter": 0.4499575397306806,
    "modularity": 0.4577609323401227,
    "communities": 14
}