{
    "client": "client_1",
    "number_of_nodes": 6155,
    "number_of_edges": 14362,
    "max_degree": 1856,
    "avg_degree": 4.666774979691308,
    "transitivity": 0.0002920976185170408,
    "density": 0.00037916598795022,
    "mixing_parameter": 0.4343406210834146,
    "modularity": 0.4729074897684577,
    "communities": 14
}