{
    "client": "client_3",
    "number_of_nodes": 7865,
    "number_of_edges": 21768,
    "max_degree": 2943,
    "avg_degree": 5.535410044500954,
    "transitivity": 0.0002846214461925857,
    "density": 0.00035194621340926715,
    "mixing_parameter": 0.4786843072399853,
    "modularity": 0.4289953413201337,
    "communities": 14
}