{
    "client": "client_5",
    "number_of_nodes": 9947,
    "number_of_edges": 34367,
    "max_degree": 4655,
    "avg_degree": 6.910023122549513,
    "transitivity": 0.00029705536309632087,
    "density": 0.0003473769918836473,
    "mixing_parameter": 0.5287921552652254,
    "modularity": 0.3792450208707048,
    "communities": 14
}